original_tag,consolidated_tag,original_count,notes
3D Model Visualization Gap,Coding And Technical Support,1,
ADHD Executive Function Gap,Tool Reliability And Limitations,1,
AI Aggregator Not Creator,Usage And Adoption Patterns,1,
AI Appropriate For Specific Tasks,Usage And Adoption Patterns,1,
AI As Bullshitting Machine,Usage And Adoption Patterns,1,
AI As Excel Shortcut,Usage And Adoption Patterns,1,
AI As Interaction Hub,Interaction Dynamics,1,
AI As Motivational Support,Emotional Support And Reflection,1,
AI As Personal Companion,Usage And Adoption Patterns,1,
AI As Pre-Filter,Usage And Adoption Patterns,1,
AI As Reference Tool,Search And Research,1,
AI As Search Replacement,Search And Research,2,
AI As Shortcuts Only,Usage And Adoption Patterns,1,
AI Authenticity Challenge,Human Connection And Rapport,1,
AI Availability Advantage,Access And Adoption,1,
AI Availability And Reliability,Access And Adoption,1,
AI Bias As Existential Threat,Ethics And Bias Concerns,1,
AI Calendar Integration Caution,Calendar And Scheduling,1,
AI Capability Paradox,Tool Reliability And Limitations,1,
AI Capability Uncertainty,Tool Reliability And Limitations,1,
AI Color Selection Success,Usage And Adoption Patterns,1,
AI Complexity Recognition,Usage And Adoption Patterns,1,
AI Design Limitations,Creative Design And Media,1,
AI Duplicate Error Problem,Accuracy And Hallucination Risk,1,
AI Dynamic Follow-Up Value,Proactive Assistance,1,
AI Elicits Greater Truthfulness,Trust And Verification,1,
AI Email Event Coordination,Email Management,1,
AI Energy Cost Awareness,Environmental Impact Concerns,1,
AI Factuality Preference,Accuracy And Hallucination Risk,1,
AI Follow-Up Quality,Proactive Assistance,1,
AI For Accounting Needs,Financial Planning And Analysis,1,
AI For Content Curation,Content And Writing Support,1,
AI For Creative Marketing,Creative Design And Media,1,
AI For Creative Pattern Design,Creative Design And Media,1,
AI For Presentation Design,Creative Design And Media,1,
AI For Product Research,Search And Research,1,
AI For Research And Analysis,Search And Research,1,
AI For Resume Building,Content And Writing Support,1,
AI Human Connection Preservation,Human Connection And Rapport,1,
AI Ignore User Constraints,Tool Reliability And Limitations,1,
AI Impartiality Appreciation,Ethics And Bias Concerns,1,
AI Information Gap,Tool Reliability And Limitations,1,
AI Information Verification Concern,Accuracy And Hallucination Risk,1,
AI Integration Efficiency Value,Data And System Integration,1,
AI Interaction Soul Draining,Interaction Dynamics,1,
AI Interview Clarity,AI Interview Experience,1,
AI Interview Comfort,AI Interview Experience,1,
AI Interview Competence,AI Interview Experience,1,
AI Interview Conversational Gap,AI Interview Experience,1,
AI Interview Distance Perception,AI Interview Experience,1,
AI Interview Effectiveness,AI Interview Experience,1,
AI Interview Execution Clarity,AI Interview Experience,1,
AI Interview Experience,AI Interview Experience,1,
AI Interview Experience Flatness,AI Interview Experience,1,
AI Interview Felt Natural,AI Interview Experience,1,
AI Interview Frustration,AI Interview Experience,1,
AI Interview Limitations,AI Interview Experience,1,
AI Interview Neutrality,AI Interview Experience,1,
AI Interview Persistence Problem,AI Interview Experience,1,
AI Interview Scripted Limitation,AI Interview Experience,1,
AI Interview Similarity,AI Interview Experience,1,
AI Interview Speed Advantage,AI Interview Experience,1,
AI Interview Technical Friction,AI Interview Experience,1,
AI Knitting Pattern Limitations,Home And DIY Support,1,
AI Lacks Relational Depth,Usage And Adoption Patterns,1,
AI Life Coach Partnership,Usage And Adoption Patterns,1,
AI Limitations For Deep Interviews,AI Interview Experience,1,
AI Listening Advantage,Interaction Dynamics,1,
AI Listening Preference,Interaction Dynamics,1,
AI Personality Depth Strategy,Strategic AI Perspectives,1,
AI Reliability Concern,Usage And Adoption Patterns,1,
AI Social Collaboration Integration,Data And System Integration,1,
AI Social Group Chatbot,Social And Relationship Communication,1,
AI Summary And Playback Expectation,Usage And Adoption Patterns,1,
AI System Integration For Daily Tasks,Data And System Integration,1,
AI Tier Limitations,Cost And Tier Constraints,1,
AI Tool Selection,Access And Adoption,1,
AI Travel Agent Limitation,Travel Planning,1,
AI Understanding Uncertainty,Tool Reliability And Limitations,1,
AI Usage Scope,Access And Adoption,1,
AI Use Cases Inventory,Usage And Adoption Patterns,1,
AI Voice Skepticism,Voice Interaction Experience,1,
AI Willingness To Engage,Usage And Adoption Patterns,1,
AI Writing Detection,Content And Writing Support,1,
AI Yarn Calculation Error,Home And DIY Support,1,
AI-Powered Search Integration,Search And Research,1,
API Hook Expectation,Coding And Technical Support,1,
Absence Requires No Elaboration,Usage And Adoption Patterns,1,
Accidental AI Discovery,Learning And Discovery,1,
Accounting And Financial Support,Financial Planning And Analysis,1,
Accuracy And Up-To-Date Information,Accuracy And Hallucination Risk,1,
Accuracy As Essential Requirement,Accuracy And Hallucination Risk,1,
Accuracy Defeats Solution Value,Accuracy And Hallucination Risk,1,
Accuracy Primary Requirement,Accuracy And Hallucination Risk,1,
Actionable Tangible Plans,Usage And Adoption Patterns,1,
Adaptive Routine Exception Handling,Usage And Adoption Patterns,1,
Admin And Task Prioritization Need,Task Organization And Prioritization,1,
Admin Assistant Invoice Task,Voice Interaction Experience,1,
Admin Email Assistance,Email Management,1,
Administrative Email Focus,Email Management,1,
Administrative Email Support,Email Management,1,
Aggregation And Planning Desire,Personalization And Adaptation,1,
Airbnb Business Focus,Travel Planning,1,
Algorithm Recommendation Frustration,Shopping And Recommendations,1,
Always On Device Access,Access And Adoption,1,
Ambivalence About AI Future,Strategic AI Perspectives,1,
Answer Confidence Uncertainty,Tool Reliability And Limitations,1,
Appointment Scheduling Burden,Calendar And Scheduling,1,
Appreciation For Impartiality,Ethics And Bias Concerns,1,
Artistic Imagery Curation,Creative Design And Media,1,
Artistic Style References,Creative Design And Media,1,
Async Convenience Preference,Usage And Adoption Patterns,1,
Audio Conversational Immediacy,Voice Interaction Experience,1,
Auditory Preference,Usage And Adoption Patterns,1,
Authenticity Concern,Human Connection And Rapport,1,
Auto Prompt Improvement Need,Prompting And Instruction Quality,1,
Automated Meeting Reports Need,Personalization And Adaptation,1,
Automated Meeting Summaries,Usage And Adoption Patterns,1,
Automated Task Coordination,Task Organization And Prioritization,1,
Automation And Integration,Data And System Integration,1,
Automation As Delegation,Automation And Delegation,1,
Automation Capability Exists,Automation And Delegation,1,
Autonomous Admin Task Delegation,Automation And Delegation,1,
Autonomous Async AI Appeal,Automation And Delegation,1,
Autonomous Event Coordination,Automation And Delegation,1,
Availability Aware Suggestions,Access And Adoption,1,
Banking Security Constraints,Privacy And Security,1,
Behavior Adaptation Over Practices,Personalization And Adaptation,1,
Behavioral Pattern Learning,Learning And Discovery,1,
Bike Fit Computation,Usage And Adoption Patterns,1,
Board Charter Collaboration,Usage And Adoption Patterns,1,
Brain Offload Fantasy,Usage And Adoption Patterns,1,
Brainstorming Interaction Need,Personalization And Adaptation,1,
Breaking Down Overwhelm,Time And Productivity,1,
Brief Personal Introduction,Usage And Adoption Patterns,1,
Broken Product Links,Shopping And Recommendations,1,
Budgeting Tool Value,Financial Planning And Analysis,1,
Business Communication Use Case,Social And Relationship Communication,1,
Business Ideas Generation,Professional Workflow Support,1,
Business Preference,Professional Workflow Support,1,
Calculation Errors,Usage And Adoption Patterns,1,
Calendar Agenda Automation,Calendar And Scheduling,1,
Calendar And Errand Optimization,Calendar And Scheduling,1,
Calendar Availability Detection,Calendar And Scheduling,1,
Calendar Based Predictive Notifications,Calendar And Scheduling,1,
Calendar Control Desire,Calendar And Scheduling,1,
Calendar Integration Dependency,Calendar And Scheduling,1,
Calendar Integration Desire,Calendar And Scheduling,4,
Calendar Integration Preference,Calendar And Scheduling,1,
Calendar Integration Priority,Calendar And Scheduling,1,
Calendar Integration Support,Calendar And Scheduling,1,
Calendar Integration Value,Calendar And Scheduling,1,
Calendar Reminder Integration,Calendar And Scheduling,1,
Calendar Scheduling Assistance,Calendar And Scheduling,1,
Capability Boundary Testing,Usage And Adoption Patterns,1,
Categorical Confidence Preference,Trust And Verification,1,
Cautious Optimism About AI,Usage And Adoption Patterns,1,
ChatGPT As Search Engine,Search And Research,1,
ChatGPT For Complex Task Analysis,Cognitive Support Patterns,1,
ChatGPT Project Context Success,Memory And Context Continuity,1,
ChatGPT Voice Feature Preference,Voice Interaction Experience,1,
Choice Confidence,Trust And Verification,1,
Citation Transparency Preference,Usage And Adoption Patterns,1,
Clean UX Requirement,Usage And Adoption Patterns,1,
Code Generation And Problem Solving,Coding And Technical Support,1,
Coding Assistance,Coding And Technical Support,1,
Cognitive Burden Impact On Family Time,Time And Productivity,1,
Cognitive Load From Juggling,Time And Productivity,1,
Cognitive Overhead Concern,Cognitive Support Patterns,1,
Color Matching Success,Usage And Adoption Patterns,1,
Comfort Without Nonverbal Cues,Human Connection And Rapport,1,
Communication Cost Awareness,Cost And Tier Constraints,1,
Competitive Restrictions Acceptance,Usage And Adoption Patterns,1,
Complex Purchases,Shopping And Recommendations,1,
Compositional Exploration,Learning And Discovery,1,
Comprehensive Life Context Need,Memory And Context Continuity,1,
Comprehensive Life Domain Support,Strategic AI Perspectives,1,
Comprehensive System Integration,Data And System Integration,1,
Computation Task Example,Usage And Adoption Patterns,1,
Concrete Available Options Need,Personalization And Adaptation,1,
Confidence Level Transparency Need,Personalization And Adaptation,1,
Confident Misinformation Risk,Accuracy And Hallucination Risk,1,
Confirmation Bias Self-Awareness,Ethics And Bias Concerns,1,
Conflict Detection Value,Usage And Adoption Patterns,1,
Connected Device Preferences,Smart Home Automation,1,
Consent-Based Data Access,Privacy And Security,1,
Consistency Desire,Personalization And Adaptation,1,
Constant Verification Need,Accuracy And Hallucination Risk,1,
Constraint Limits Exploration,Tool Reliability And Limitations,1,
Contact Management Challenge,Usage And Adoption Patterns,1,
Content Creation Scaffolding,Content And Writing Support,1,
Content Creation Time Pressure,Content And Writing Support,1,
Content Discovery Preference,Content And Writing Support,1,
Content Strategy LinkedIn Assistant,Content And Writing Support,1,
Context Dependent Information Gap,Memory And Context Continuity,1,
Context Is Key Constraint,Memory And Context Continuity,1,
Context Loss Frustration,Memory And Context Continuity,1,
Context Loss With AI Interviewer,AI Interview Experience,1,
Context Overhead Avoidance,Memory And Context Continuity,1,
Context Persistence For Task Chats,Memory And Context Continuity,1,
Context Picking Impressed,Memory And Context Continuity,1,
Context Precision Recognition,Memory And Context Continuity,1,
Context Precision Requirement,Memory And Context Continuity,1,
Context Window Frustration,Memory And Context Continuity,1,
Context-Dependent Tool Assessment,Memory And Context Continuity,1,
Contextual Access Control,Memory And Context Continuity,1,
Contextual Errand Awareness,Memory And Context Continuity,1,
Contextual Life Knowledge Desire,Memory And Context Continuity,1,
Contextual Meal Preference,Recipes And Cooking Support,1,
Contextual Memory Gap,Memory And Context Continuity,1,
Contextual Message Suggestions,Memory And Context Continuity,1,
Contextual Recommendations,Shopping And Recommendations,1,
Contextual Reminder Pattern,Calendar And Scheduling,1,
Contextual Reminder Value,Calendar And Scheduling,1,
Contextual Shopping Integration,Shopping And Recommendations,1,
Contextual Understanding,Memory And Context Continuity,1,
Conversational Flow Importance,Interaction Dynamics,1,
Conversational Learning Preference,Learning And Discovery,1,
Conversational Tool Usage,Interaction Dynamics,1,
Copy-Paste Data Transfer Burden,Time And Productivity,1,
Correcting AI Misinterpretation,Usage And Adoption Patterns,1,
Creative Image Generation,Creative Design And Media,1,
Creative Inhibition Effect,Creative Design And Media,1,
Creative Time Reallocation,Creative Design And Media,1,
Creative Vision Gap,Creative Design And Media,1,
Critical Thinking Erosion Concern,Cognitive Support Patterns,1,
Critical Thinking Tool,Cognitive Support Patterns,1,
Cross-Context Life Understanding,Memory And Context Continuity,1,
Cross-Conversation Memory Gap,Memory And Context Continuity,1,
Cross-Device Fragmentation,System Fragmentation And Interoperability,1,
Cross-Reference Desired,Search And Research,1,
Cross-System Integration,Data And System Integration,1,
Cultural Technology Analysis,Cognitive Support Patterns,1,
Cumulative Error Sensitivity,Usage And Adoption Patterns,1,
Curiosity Driven Exploration,Learning And Discovery,1,
Current Tool Limitations,Tool Reliability And Limitations,1,
Current Tools Adequate,Current Tool Sufficiency,1,
Customer Care Nuance,Professional Workflow Support,1,
Cybersecurity Fear,Privacy And Security,1,
DALL-E Alternative Attempt,Creative Design And Media,1,
DIY Image Assessment,Home And DIY Support,1,
DIY Material Guidance Need,Home And DIY Support,1,
Daily Summary Email Request,Email Management,1,
Dashboard Vision,Personalization And Adaptation,1,
Data Aggregation Mismatch,Usage And Adoption Patterns,1,
Data Analysis And Presentation,Creative Design And Media,1,
Data Connection Gap,Tool Reliability And Limitations,1,
Data Integration And Cross Reference,Search And Research,1,
Data Integration For Analysis,Data And System Integration,1,
Data Integration Need,Data And System Integration,1,
Data Interpretation Failure,Tool Reliability And Limitations,1,
Data Privacy Non-Negotiable,Privacy And Security,1,
Data Projection Planning,Usage And Adoption Patterns,1,
Data Retrospection And Advice,Usage And Adoption Patterns,1,
Data Transparency Requirement,Usage And Adoption Patterns,1,
Decision Bias Recognition,Ethics And Bias Concerns,1,
Decision Delegation Model,Automation And Delegation,1,
Decision Framework Support,Cognitive Support Patterns,1,
Decision Speed,Time And Productivity,1,
Decision-Making Support,Cognitive Support Patterns,1,
Dense Text Distillation,Usage And Adoption Patterns,1,
Depth Of Information Concern,Usage And Adoption Patterns,1,
Design System Constraint Failure,Creative Design And Media,1,
Design Task Usage,Creative Design And Media,1,
Desire For Contextual Continuity,Memory And Context Continuity,1,
Desire For Suggested Capabilities,Personalization And Adaptation,1,
Desire for Agent Capabilities,Personalization And Adaptation,1,
Detailed Itinerary Planning,Travel Planning,1,
Detailed Option Evaluation,Usage And Adoption Patterns,1,
Deviation Value Recognition,Usage And Adoption Patterns,1,
Device Reduction Goal,System Fragmentation And Interoperability,1,
Diagram Generation Frustration,Usage And Adoption Patterns,1,
Digital Legacy Through AI,Strategic AI Perspectives,1,
Dimension Accuracy Limitations,Accuracy And Hallucination Risk,1,
Direct Chat Speaking,Usage And Adoption Patterns,1,
Direct Control Preference,User Control And Safeguards,1,
Discovery Through Social,Learning And Discovery,1,
Diverse AI Usage Patterns,Cognitive Support Patterns,1,
Diverse Personal AI Use,Usage And Adoption Patterns,1,
Diverse Personal Use Cases,Usage And Adoption Patterns,1,
Document Summarization Utility,Usage And Adoption Patterns,1,
Domestic Automation Expectation,Automation And Delegation,1,
Dynamic Personalisation Delight,Personalization And Adaptation,1,
Ecological AI Restriction,Environmental Impact Concerns,1,
Ecological Avoidance Vacation,Environmental Impact Concerns,1,
Ecological Conviction Limits AI,Environmental Impact Concerns,1,
Ecosystem Integration Roadmap,Data And System Integration,1,
Educational Curiosity,Learning And Discovery,1,
Educational Design Focus,Creative Design And Media,1,
Efficiency As Core Motivation,Time And Productivity,1,
Efficiency Without Understanding Loss,Time And Productivity,1,
Email And Letter Writing,Email Management,1,
Email Autonomy Preference,Email Management,1,
Email Context Insight Discovery,Email Management,1,
Email Grammar Correction,Email Management,1,
Email Information Filtering,Email Management,1,
Email Integration Interest,Email Management,1,
Email Intelligence Filtering,Email Management,1,
Email Noise Reduction,Email Management,1,
Email Organization Desire,Email Management,1,
Email Organization Priority,Email Management,1,
Email Overload Problem,Email Management,1,
Email Overwhelm,Email Management,1,
Email Prioritization Need,Email Management,1,
Email Sending Automation,Email Management,1,
Email Sequence Automation Interest,Email Management,1,
Email Sequence Automation Need,Email Management,1,
Email Summarization Errors,Email Management,1,
Email Summarization Integration,Email Management,1,
Email Summarization Need,Email Management,1,
Email Summarization Use,Email Management,1,
Email Triage Burden,Email Management,1,
Email Voice Reply Preference,Voice Interaction Experience,1,
Emotional Decision Support,Emotional Support And Reflection,1,
Emotional Overwhelm Pattern,Time And Productivity,1,
Energy Consumption Awareness,Environmental Impact Concerns,1,
Energy Preservation Through AI,Usage And Adoption Patterns,1,
Equal Treatment of AI,Usage And Adoption Patterns,1,
Event Planning,Usage And Adoption Patterns,1,
Event Planning Assistance,Usage And Adoption Patterns,1,
Event Preparation Alerts,Calendar And Scheduling,1,
Event Preparation Reminders,Calendar And Scheduling,1,
Evidence Vetting Burden,Time And Productivity,1,
Example-Driven Thinking Aid,Cognitive Support Patterns,1,
Excel Charting Challenge,Usage And Adoption Patterns,1,
Exception Handling Expectation,Usage And Adoption Patterns,1,
Execution Planning,Usage And Adoption Patterns,1,
Exploratory Tool Testing,Usage And Adoption Patterns,1,
Face To Face Irreplaceability,Human Connection And Rapport,1,
Facial Emotion Detection,Usage And Adoption Patterns,1,
Facial Expression Absence Impact,Human Connection And Rapport,1,
Family Coordination Via AI,Task Organization And Prioritization,1,
Family Support Use Case,Usage And Adoption Patterns,1,
Faster Information Acquisition,Usage And Adoption Patterns,1,
Feedback Lag Barrier,Usage And Adoption Patterns,1,
File Size Limitation Frustration,Tool Reliability And Limitations,1,
Finance Use Case Potential,Financial Planning And Analysis,1,
Financial Guidance Need,Financial Planning And Analysis,1,
Financial Scenario Analysis,Financial Planning And Analysis,1,
Financial Tracking Need,Financial Planning And Analysis,1,
Flight Reliability Doubt,Usage And Adoption Patterns,1,
Focus Without Tangents,Usage And Adoption Patterns,1,
Follow-Up Value Acknowledgment,Proactive Assistance,1,
Formal Style Preference,Usage And Adoption Patterns,1,
Formal Tone Problem,Social And Relationship Communication,1,
Frequent Personal AI Use,Usage And Adoption Patterns,1,
Gamification For Engagement,Usage And Adoption Patterns,1,
Garden Task Planning,Home And DIY Support,1,
Gardening Knowledge Seeking,Home And DIY Support,1,
Gardening Project Planning,Home And DIY Support,1,
Generic Follow-Up Feeling,Proactive Assistance,1,
Global Intellectual Network,Usage And Adoption Patterns,1,
Goal-Aligned Prioritization,Task Organization And Prioritization,1,
Google Ecosystem Lock-In,Usage And Adoption Patterns,1,
Graduated Permissions Model,User Control And Safeguards,1,
Grammatical Problems In AI,Usage And Adoption Patterns,1,
Graphics And Content Creation,Creative Design And Media,1,
Grocery List Personalization,Recipes And Cooking Support,1,
Grocery Shopping Intelligence,Recipes And Cooking Support,1,
Habit Pattern Recognition Need,Personalization And Adaptation,2,
Habit-Based Proactive Actions,Proactive Assistance,1,
Hallucination Distrust,Accuracy And Hallucination Risk,1,
Hallucination Issue,Accuracy And Hallucination Risk,1,
Hallucination Risk Concern,Accuracy And Hallucination Risk,1,
Hands-Off Voice Interaction,Voice Interaction Experience,1,
Health And Logistics Support,Health And Wellness Support,1,
Health And Wellness Research,Health And Wellness Support,1,
Health Information Seeking,Health And Wellness Support,1,
Healthcare AI Accuracy Concern,Accuracy And Hallucination Risk,1,
Healthcare Planning Coordination,Health And Wellness Support,1,
Healthcare Trust Skepticism,Health And Wellness Support,1,
Hierarchy And Merit Preference,Strategic AI Perspectives,1,
High AI Trust,Trust And Verification,1,
High Leverage Opportunity Ideas,Usage And Adoption Patterns,1,
High Trust in AI Results,Trust And Verification,1,
Hobby Identification Tools,Learning And Discovery,1,
Hobby Learning Bootstrap,Learning And Discovery,1,
Holiday Planning Avoidance,Travel Planning,1,
Holistic Health Tracking Desire,Health And Wellness Support,1,
Holistic Interior Design Assistant,Creative Design And Media,1,
Holistic Life Domain Support,Strategic AI Perspectives,1,
Honesty Regardless Of Format,Usage And Adoption Patterns,1,
Hosting With Human Touch,Human Connection And Rapport,1,
Housework Automation Desire,Automation And Delegation,1,
Human Approval Before Action,User Control And Safeguards,1,
Human Authenticity And Connection,Human Connection And Rapport,1,
Human Authenticity Value,Human Connection And Rapport,1,
Human Cognitive Limitations In Listening,Tool Reliability And Limitations,1,
Human Connection Concern,Human Connection And Rapport,1,
Human Connection Irreplaceable,Human Connection And Rapport,2,
Human Contact Irreplaceability,Usage And Adoption Patterns,1,
Human Conversational Tone Expectation,Social And Relationship Communication,1,
Human Dialogue Preference,Social And Relationship Communication,2,
Human Dishonesty And Betrayal,Usage And Adoption Patterns,1,
Human Dishonesty Critique,Usage And Adoption Patterns,1,
Human Interaction Gap,Tool Reliability And Limitations,1,
Human Interaction Preference,Interaction Dynamics,1,
Human Interview Preference,AI Interview Experience,1,
Human Interview Skepticism,AI Interview Experience,1,
Human Interviewer Advantage,AI Interview Experience,2,
Human Nonverbal Communication Value,Human Connection And Rapport,1,
Human Rapport Trade-Off,Human Connection And Rapport,1,
Human Review Reassurance,User Control And Safeguards,1,
Human Touch Trust Barrier,Human Connection And Rapport,1,
Human Verification Preference,Accuracy And Hallucination Risk,1,
Human Voice Preference,Voice Interaction Experience,1,
Humanization Of AI Interface,Usage And Adoption Patterns,1,
Idea Capture Pain,Usage And Adoption Patterns,1,
Ideal 3D Visualization Feature,Creative Design And Media,1,
Ideal Task Automation,Automation And Delegation,1,
Ignored User Clarification,Prompting And Instruction Quality,1,
Image Generation Failure,Creative Design And Media,3,
Image Generation Frustration,Creative Design And Media,1,
Image Text Editing Limitation,Creative Design And Media,1,
Impulse Mitigation,Usage And Adoption Patterns,1,
In-Conversation Task Creation,Interaction Dynamics,1,
In-Depth Question Value,Usage And Adoption Patterns,1,
Inaccurate Math,Accuracy And Hallucination Risk,1,
Indirect Question Preference,Usage And Adoption Patterns,1,
Information Scope Limitation,Tool Reliability And Limitations,1,
Information Seeking Behavior,Search And Research,1,
Information Seeking Over Search,Search And Research,1,
Information Verification Awareness,Accuracy And Hallucination Risk,1,
Informed Consent For AI Interviews,Privacy And Security,1,
Initiative Fatigue,Proactive Assistance,1,
Input Customization For Planning,Usage And Adoption Patterns,1,
Insightful Follow Up Requirement,Proactive Assistance,1,
Integrated Workflow Needs,Personalization And Adaptation,1,
Integration Risk Aversion,Data And System Integration,1,
Integration Value Skepticism,Data And System Integration,1,
Intellectual Dialogue With Models,Social And Relationship Communication,1,
Intelligent Booking Assistance,Usage And Adoption Patterns,1,
Intelligent Content Curation,Content And Writing Support,1,
Intentional Imperfection Paradox,Tool Reliability And Limitations,1,
Intergenerational Connection Need,Personalization And Adaptation,1,
Interpersonal Context Gap,Memory And Context Continuity,1,
Interpersonal Deliberation Support,Social And Relationship Communication,1,
Interview Format Preference,AI Interview Experience,1,
Interview Prep Coaching,AI Interview Experience,1,
Investment Decision Support,Financial Planning And Analysis,1,
Invoice Admin Automation,Voice Interaction Experience,1,
Invoice Follow-up Administration,Voice Interaction Experience,1,
Iterative Code Assistance,Coding And Technical Support,1,
Iterative Narrowing Dialogue,Social And Relationship Communication,1,
Iterative Recipe Refinement,Recipes And Cooking Support,1,
Iterative Refinement Acceptance,Usage And Adoption Patterns,1,
Iterative Refinement Mindset,Usage And Adoption Patterns,1,
JARVIS Vision,Personalization And Adaptation,1,
Job Replacement Fear,Usage And Adoption Patterns,1,
Job Search Automation Feature,Search And Research,1,
Job Search Integration Interest,Search And Research,1,
Kids Activity Scheduling,Calendar And Scheduling,1,
Knitting Pattern AI Failure,Home And DIY Support,1,
Lack Of Conversational Flow,Interaction Dynamics,1,
Lack Of Immediate Feedback Adaptation,Personalization And Adaptation,1,
Lack Of Spontaneity In AI,Usage And Adoption Patterns,1,
Language Comfort Advantage,Usage And Adoption Patterns,1,
Language Comfort With AI Interview,AI Interview Experience,1,
Language Expression Accuracy Concern,Accuracy And Hallucination Risk,1,
Language Expression Issues,Usage And Adoption Patterns,1,
Learning By Example Preference,Learning And Discovery,1,
Learning Through Curiosity,Learning And Discovery,1,
Legal Contract Assessment,Usage And Adoption Patterns,1,
Less Intimidated By AI,Usage And Adoption Patterns,1,
Less Nervous With AI,Emotional Support And Reflection,1,
Less Nervous Without Human Presence,Emotional Support And Reflection,1,
Life Foresight And Planning,Usage And Adoption Patterns,1,
Life Situation Definition,Usage And Adoption Patterns,2,
Lifecycle Habit Scanning,Usage And Adoption Patterns,1,
Light Personal Use,Access And Adoption,1,
Limited Contextual Extension,Memory And Context Continuity,1,
Limited Personal Use,Usage And Adoption Patterns,1,
Limited Tool Integration,Data And System Integration,1,
LinkedIn Content Creation Need,Content And Writing Support,1,
Live Feedback Preference,Usage And Adoption Patterns,1,
Location Aware Recommendations,Shopping And Recommendations,1,
Loneliness And Digital Disconnection,Usage And Adoption Patterns,1,
Loss Of Community Play,Usage And Adoption Patterns,1,
Low Tool Research Effort,Search And Research,1,
Low Trust In AI Results,Trust And Verification,1,
Machine Identity Clarity Important,Usage And Adoption Patterns,1,
Machine Interaction Disconnect,Interaction Dynamics,1,
Machine Transparency Preference,Usage And Adoption Patterns,1,
Maintain Meaning,Usage And Adoption Patterns,1,
Male Voice Authority Preference,Voice Interaction Experience,1,
Manual Control Preference,User Control And Safeguards,1,
Manual Override More Efficient,Usage And Adoption Patterns,1,
Manual Workaround,Usage And Adoption Patterns,1,
Marketing Assessment,Professional Workflow Support,1,
Material And Tool Guidance,Home And DIY Support,1,
Material-Specific Gap,Home And DIY Support,1,
Meal Decision Automation,Recipes And Cooking Support,1,
Meal Planning Burden,Recipes And Cooking Support,1,
Meal Planning Support,Recipes And Cooking Support,1,
Mechanical Interaction Difference,Interaction Dynamics,1,
Mechanical Tone Response Mirror,Social And Relationship Communication,1,
Medical Decision Support,Health And Wellness Support,2,
Medical Insight Seeking,Health And Wellness Support,1,
Medical Pattern Recognition Need,Health And Wellness Support,1,
Medical Privacy Barrier,Privacy And Security,1,
Memory And Context,Memory And Context Continuity,1,
Memory Continuity Need,Memory And Context Continuity,1,
Memory Persistence Need,Memory And Context Continuity,1,
Mental Health AI Support,Health And Wellness Support,1,
Mental Load Management Need,Personalization And Adaptation,1,
Message Conciseness,Content And Writing Support,1,
Midjourney Creative Process,Creative Design And Media,1,
Mirror Not Relationship,Social And Relationship Communication,1,
Misinterpretation And Degradation,Usage And Adoption Patterns,1,
Missed Email Management Feature,Email Management,1,
Missing Context Integration,Memory And Context Continuity,1,
Missing Social Cues,Social And Relationship Communication,1,
Missing Warmth In AI Interview,AI Interview Experience,1,
Mobile AI Access Gap,Tool Reliability And Limitations,1,
Mobile Access Gap,Tool Reliability And Limitations,1,
Mobile Writing Tools,Content And Writing Support,1,
Model Hallucination Awareness,Accuracy And Hallucination Risk,1,
Moderate AI Trust,Trust And Verification,1,
Moderate Trust Assessment,Trust And Verification,1,
Moderate Trust In AI,Trust And Verification,2,
Moderate Trust Level,Trust And Verification,7,
Moderate Trust Stance,Trust And Verification,1,
Moderation Surprise Acceptance,Usage And Adoption Patterns,1,
Modern Life Pressure And Exhaustion,Usage And Adoption Patterns,1,
Monologue Effect,Human Connection And Rapport,1,
Multi-App System Integration,Data And System Integration,1,
Multi-Domain Learning Pattern,Learning And Discovery,1,
Multi-Domain Task Management,Task Organization And Prioritization,1,
Multi-Email Integration Need,Email Management,1,
Multi-Format Resource Expectation,Usage And Adoption Patterns,1,
Multi-Parameter Trip Planning,Travel Planning,1,
Multi-Platform Availability,Access And Adoption,1,
Multi-Platform Integration Needed,Data And System Integration,1,
Multi-System Integration,Data And System Integration,1,
Multimedia Content Creation,Content And Writing Support,1,
Multimedia Content Gap,Content And Writing Support,1,
Multimodal Interaction Preference,Interaction Dynamics,1,
Multimodal Resource Integration,Data And System Integration,1,
Multiple Questions Per Prompt,Prompting And Instruction Quality,1,
Music Recommendation Capability,Shopping And Recommendations,1,
Narrow Solution Framing,Usage And Adoption Patterns,1,
Need For Human Context,Memory And Context Continuity,1,
News Source Preference,Search And Research,1,
Newsletter Content Enhancement,Email Management,1,
No Body Language Concern,Usage And Adoption Patterns,1,
No Current Tool Limitations,Tool Reliability And Limitations,1,
No Judgment From AI,Emotional Support And Reflection,1,
No Personal AI Use,Access And Adoption,1,
No Pressure To Impress AI,Usage And Adoption Patterns,1,
No System Integration Ideas,Data And System Integration,1,
No Unmet AI Needs,Personalization And Adaptation,1,
Non-Judgmental AI Perception,Emotional Support And Reflection,1,
Non-Judgmental Sharing Space,Emotional Support And Reflection,1,
Nonverbal Communication Gap,Human Connection And Rapport,1,
Nostalgia For Community Play,Usage And Adoption Patterns,1,
Nuance Complexity Barrier,Usage And Adoption Patterns,1,
Objective Decision Seeking,Cognitive Support Patterns,1,
Obsolescence Fear Motivator,Usage And Adoption Patterns,1,
Off Script Flexibility Gap,Tool Reliability And Limitations,1,
Office Suite Integration,Data And System Integration,1,
Old School Cautious User,Usage And Adoption Patterns,1,
One-Sided Perception,Human Connection And Rapport,1,
Opinionated AI Preference,Usage And Adoption Patterns,1,
Organization Efficiency Goals,Time And Productivity,1,
Organization Focus,Usage And Adoption Patterns,1,
PII Sharing Concern,Privacy And Security,1,
Pacing Assistance Need,Personalization And Adaptation,1,
Pause Detection Challenge,Usage And Adoption Patterns,1,
Pause For Reflection,Emotional Support And Reflection,1,
Paywall Limitation Awareness,Cost And Tier Constraints,1,
Paywall Opacity,Cost And Tier Constraints,1,
Perceived Lack Of Need,Personalization And Adaptation,1,
Performance Preparation Scheduling,Calendar And Scheduling,1,
Periodic Background Monitoring,Proactive Assistance,1,
Persistent Context Per Chat,Memory And Context Continuity,1,
Personal AI Assistant Vision,Personalization And Adaptation,1,
Personal Assistant Integration,Data And System Integration,1,
Personal Bias Checking Support,Ethics And Bias Concerns,1,
Personal Communication Tasks,Social And Relationship Communication,1,
Personal Context Preservation,Memory And Context Continuity,1,
Personal Recipe And Translation Uses,Recipes And Cooking Support,1,
Personal Research Interest,Search And Research,1,
Personal Survey Experience,Usage And Adoption Patterns,1,
Personal Task Variety,Usage And Adoption Patterns,1,
Personal Trainer AI Assistant,Health And Wellness Support,1,
Personal Use Satisfaction,Usage And Adoption Patterns,1,
Personalised Response Style,Interaction Dynamics,1,
Personalization Gap In AI,Tool Reliability And Limitations,1,
Personalization Preference,Usage And Adoption Patterns,1,
Personalized AI Understanding,Personalization And Adaptation,1,
Personalized Assistant Gap,Personalization And Adaptation,1,
Personalized Guidance,Personalization And Adaptation,1,
Personalized Interviewing,AI Interview Experience,1,
Personalized Recommendation Expectation,Shopping And Recommendations,1,
Personalized Reminder System,Calendar And Scheduling,1,
Personalized Travel Preferences,Travel Planning,1,
Philosophical AI Reflection,Emotional Support And Reflection,1,
Phone Aversion,Usage And Adoption Patterns,1,
Photo Location Memory,Memory And Context Continuity,1,
Photo Location Memory Enhancement,Memory And Context Continuity,1,
Physical Activity Motivation,Emotional Support And Reflection,1,
Physical Activity Support,Usage And Adoption Patterns,1,
Planning Tasks,Task Organization And Prioritization,1,
Platform Integration Friction,Data And System Integration,1,
Podcast Ideation And Script Planning,Usage And Adoption Patterns,1,
Practical AI Applications,Usage And Adoption Patterns,1,
Practical AI Usage Scope,Access And Adoption,1,
Practical AI Verification,Accuracy And Hallucination Risk,1,
Practical Everyday AI Use,Usage And Adoption Patterns,1,
Practical Past AI Use,Usage And Adoption Patterns,1,
Practical Task Automation,Automation And Delegation,2,
Precision And Tone Refinement,Social And Relationship Communication,1,
Preference For Detail,Usage And Adoption Patterns,1,
Preference For Direct Communication,Social And Relationship Communication,1,
Preference For Limited Private Access,Access And Adoption,1,
Preference Learning Desire,Personalization And Adaptation,1,
Preference Memory Desire,Memory And Context Continuity,1,
Preference Memory For Repetitive Tasks,Memory And Context Continuity,1,
Presentation Creation Efficiency,Creative Design And Media,1,
Pressure-Free Thinking Space,Emotional Support And Reflection,1,
Preventive Problem Management,Proactive Assistance,1,
Priority Email Detection,Email Management,1,
Privacy Boundary Setting,Privacy And Security,1,
Privacy Concern About Personal Disclosure,Privacy And Security,1,
Privacy Concerns With Email,Privacy And Security,1,
Privacy Data Access Resistance,Privacy And Security,1,
Privacy Data Avoidance,Privacy And Security,1,
Privacy Data Blocker,Privacy And Security,1,
Privacy Data Concern,Privacy And Security,1,
Privacy Skepticism,Privacy And Security,1,
Privacy-Aware Integration,Privacy And Security,1,
Proactive AI Anticipation,Proactive Assistance,1,
Proactive Anticipation Need,Proactive Assistance,2,
Proactive Assistant Preference,Proactive Assistance,1,
Proactive Context Coaching,Proactive Assistance,1,
Proactive Event Coordination,Proactive Assistance,1,
Proactive Mental Load Management,Proactive Assistance,1,
Proactive Opportunity Pings,Proactive Assistance,1,
Proactive Prompt Improvement,Prompting And Instruction Quality,1,
Proactive Reminder Needs,Calendar And Scheduling,1,
Proactive Service Management,Proactive Assistance,1,
Proactive Task Reduction,Proactive Assistance,1,
Proactive Without Prompting,Prompting And Instruction Quality,1,
Proactivity Over Passivity,Usage And Adoption Patterns,1,
Proactivity Versus Passivity,Usage And Adoption Patterns,1,
Process Value Over Output,Usage And Adoption Patterns,1,
Product Comparison Gap,Shopping And Recommendations,1,
Product Search Failure Pattern,Search And Research,1,
Productivity Boost Expectation,Shopping And Recommendations,1,
Professional Assistant Preference,Professional Workflow Support,1,
Progress Check-in,Usage And Adoption Patterns,1,
Project Context Memory,Memory And Context Continuity,1,
Project Overview Maintenance,Usage And Adoption Patterns,1,
Project Timeline Planning,Calendar And Scheduling,1,
Prompt Control Frustration,Prompting And Instruction Quality,1,
Prompt Engineering Learning Gap,Prompting And Instruction Quality,1,
Prompt Guidance Desire,Prompting And Instruction Quality,1,
Prompt Labor Cost,Prompting And Instruction Quality,1,
Prompt Precision Expectation,Prompting And Instruction Quality,1,
Public Transport Navigation,Travel Planning,1,
Public Transport Preference,Travel Planning,1,
Quality Over Speed,Time And Productivity,1,
Question Redundancy Issue,Usage And Adoption Patterns,1,
Quick Prompt Recovery,Prompting And Instruction Quality,1,
Rate Limiting Frustration,Cost And Tier Constraints,1,
Reaction Absence Adjustment,Usage And Adoption Patterns,1,
Reactive Versus Proactive Pattern,Proactive Assistance,1,
Read Only Financial Trust,Privacy And Security,1,
Real-Time Information Need,Personalization And Adaptation,1,
Realistic Daily Scheduling Expectation,Calendar And Scheduling,1,
Recipe And Kitchen Use,Recipes And Cooking Support,1,
Recipe Finding Help,Recipes And Cooking Support,1,
Recipe Preference Personalization,Recipes And Cooking Support,1,
Recipe Refinement Process,Recipes And Cooking Support,1,
Recipe Refinement Value,Recipes And Cooking Support,1,
Recommendation Validation Process,Shopping And Recommendations,1,
Relationship Building With AI,Social And Relationship Communication,1,
Relationship Reflection Practice,Social And Relationship Communication,1,
Relaxation Without Visual Judgment,Creative Design And Media,1,
Repetition Frustration Stakes,Usage And Adoption Patterns,1,
Repetitive Context Burden,Memory And Context Continuity,1,
Republic Of Letters Collaboration,Usage And Adoption Patterns,1,
Research And Grant Writing,Content And Writing Support,1,
Research Assistance For Shopping,Search And Research,1,
Research Interpretation Gap,Search And Research,1,
Research Self Sufficiency,Search And Research,1,
Research Verification Pattern,Accuracy And Hallucination Risk,1,
Response Edit Inability Frustration,Interaction Dynamics,1,
Restriction Constraint Pragmatism,Tool Reliability And Limitations,1,
Results Skepticism,Trust And Verification,1,
Resume Optimization,Content And Writing Support,1,
Retool Agent Creation Failure,Coding And Technical Support,1,
Reunion Event Focus,Usage And Adoption Patterns,1,
Reverse Calendly Vision,Personalization And Adaptation,1,
Robustness Preference,Usage And Adoption Patterns,1,
Route Optimization Concern,Travel Planning,1,
Route Optimization Daily Planning,Travel Planning,1,
Route Planning Assistance,Travel Planning,1,
Route Planning Expectations,Travel Planning,1,
Routine Task Memory Preference,Memory And Context Continuity,1,
Rumination Pattern Detection,Emotional Support And Reflection,1,
Safe Data Gathering Relationship,Social And Relationship Communication,1,
Safeguards Before Automation,Automation And Delegation,1,
Sales Outreach Assistant,Professional Workflow Support,1,
Satisfied With Current Scope,Current Tool Sufficiency,1,
Schedule Integration Need,Calendar And Scheduling,1,
Scientific Literature Access Limitation,Tool Reliability And Limitations,1,
Scope Based Project Planning,Usage And Adoption Patterns,1,
Scope Clarity Uncertainty,Tool Reliability And Limitations,1,
Search Enhancement Preference,Search And Research,1,
Search Primary Use,Search And Research,1,
Search Reliability Concerns,Search And Research,1,
Search Synthesis Primary Need,Search And Research,1,
Secure Environment Access Barriers,Privacy And Security,1,
Security Concerns,Privacy And Security,1,
Selective Integration Need,Data And System Integration,1,
Self-Censorship Over Privacy,Privacy And Security,1,
Self-Sufficient Alternative Finding,Usage And Adoption Patterns,1,
Serendipitous Suggestion Openness,Usage And Adoption Patterns,1,
Shopping Friction From Accessibility,Shopping And Recommendations,1,
Shopping List Integration,Shopping And Recommendations,1,
Skepticism Of Marketing Claims,Professional Workflow Support,1,
Smart Calendar Scheduling,Calendar And Scheduling,1,
Smart Fridge Integration Interest,Recipes And Cooking Support,1,
Smart Home Appliance Integration,Home And DIY Support,1,
Smart Home Integration Interest,Home And DIY Support,1,
Smart Kitchen Inventory Tracking,Recipes And Cooking Support,1,
Smart Search For Travel,Travel Planning,1,
Smart Task Prioritization,Task Organization And Prioritization,1,
Smartphone Only Device Landscape,Usage And Adoption Patterns,1,
Social Advice Seeking,Social And Relationship Communication,1,
Social Media Inspired Creativity,Social And Relationship Communication,1,
Source Citation Gap,Tool Reliability And Limitations,1,
Source Discovery Value,Learning And Discovery,1,
Source Mismatch Frustration,Accuracy And Hallucination Risk,1,
Specialised Professional Assistants,Professional Workflow Support,1,
Speech Habituation Anxiety,Voice Interaction Experience,1,
Speech Recognition Concern,Voice Interaction Experience,1,
Speed Over Search,Search And Research,1,
Sponsored Content Distrust,Content And Writing Support,1,
Spontaneous Engagement Preference,Usage And Adoption Patterns,1,
Sports Injury Diagnosis,Health And Wellness Support,1,
Starting Point Preference,Usage And Adoption Patterns,1,
Static Image Limitation,Creative Design And Media,1,
Static Interaction Limitation,Tool Reliability And Limitations,1,
Step-By-Step Task Transparency,Usage And Adoption Patterns,1,
Still Learning About AI,Learning And Discovery,1,
Structure Rigor Preference,Usage And Adoption Patterns,1,
Structured Format Limits Exploration,Learning And Discovery,1,
Structured Prompt Technique,Prompting And Instruction Quality,1,
Style Adaptation Gap,Personalization And Adaptation,1,
Substack Content Creation,Content And Writing Support,1,
Substrate Specificity Limitation,Tool Reliability And Limitations,1,
Supermarket Integration Vision,Data And System Integration,1,
Survey Not Interview,AI Interview Experience,1,
Switched To Paid Version,Cost And Tier Constraints,1,
Synthesis Over Individual Sources,Search And Research,1,
Synthesis Over Search,Search And Research,1,
System Fragmentation Pain,System Fragmentation And Interoperability,1,
System Integration,Data And System Integration,1,
System Integration Benefits,Data And System Integration,1,
System Integration Desire,Data And System Integration,1,
System Integration For Daily Management,Data And System Integration,1,
System Integration For Task Management,Data And System Integration,1,
System Integration Need,Data And System Integration,1,
System Integration Opportunities,Data And System Integration,1,
System Integration Preference,Data And System Integration,1,
System Interconnection Rejection,Usage And Adoption Patterns,1,
System Interconnection Requirement,Usage And Adoption Patterns,1,
Systems Integration Interest,Data And System Integration,1,
Task Breakdown And Scheduling,Calendar And Scheduling,1,
Task Decomposition Strategy,Task Organization And Prioritization,1,
Task Management Fragmentation,System Fragmentation And Interoperability,1,
Task Management Tool Need,Task Organization And Prioritization,1,
Task Organization Need,Task Organization And Prioritization,1,
Task Range Diversity,Usage And Adoption Patterns,1,
Taste-Based Recipe Suggestions,Recipes And Cooking Support,1,
Teaching Financial Literacy,Financial Planning And Analysis,1,
Technical Stalling,Tool Reliability And Limitations,1,
Text Composition Advantage,Usage And Adoption Patterns,1,
Text Refinement Use Case,Content And Writing Support,1,
Thinking Clarification Through Dialogue,Prompting And Instruction Quality,1,
Thought Ordering Via AI,Usage And Adoption Patterns,1,
Thought Structuring Support,Usage And Adoption Patterns,1,
Thought-To-Action Automation,Automation And Delegation,1,
Thread Persistence Value,Memory And Context Continuity,1,
Time Management Support Need,Time And Productivity,1,
Time Sensitivity Paralysis,Usage And Adoption Patterns,1,
Time Tracking And Awareness,Usage And Adoption Patterns,1,
Tool Adoption Driven By Curiosity,Access And Adoption,1,
Tool Integration Gap,Data And System Integration,1,
Tool Limitations Blocking Use,Tool Reliability And Limitations,1,
Tool Limitations Unsure,Tool Reliability And Limitations,1,
Tool Quality Gatekeeping,Tool Reliability And Limitations,1,
Transparency And Collaboration Need,Personalization And Adaptation,1,
Transparency Gap,Tool Reliability And Limitations,1,
Transparency Requirement For AI Actions,User Control And Safeguards,1,
Travel Agent Analogy,Travel Planning,1,
Travel No Real Friction,Travel Planning,1,
Travel Plan Input Requirements,Travel Planning,1,
Travel Planning Assistance,Travel Planning,1,
Travel Planning Unrealism,Travel Planning,1,
Travel Planning Use Case,Travel Planning,1,
Travel Planning Via AI,Travel Planning,1,
Travel Research Use Case,Travel Planning,1,
Travel Translation Utility,Travel Planning,1,
Tree Diagnosis Method,Usage And Adoption Patterns,1,
Trip Optimization Query,Travel Planning,1,
Trip Planning AI Usage,Travel Planning,1,
Trip Planning Priorities,Travel Planning,1,
Trip Planning Support,Travel Planning,1,
Trip Planning Unrealistic Expectations,Travel Planning,1,
Trust And Transparency Baseline,Trust And Verification,1,
Trust Based System Access,Access And Adoption,1,
Trust Requires Clarity,Trust And Verification,1,
Trust Through Genuine Presence,Trust And Verification,1,
UX Heuristic Analysis Gap,Tool Reliability And Limitations,1,
Unbiased Reasoning Imperative,Ethics And Bias Concerns,1,
Uncanny Valley Observation,Usage And Adoption Patterns,1,
Unemotional AI Interaction Preference,Emotional Support And Reflection,1,
Unified Information Channel,Data And System Integration,1,
Unified Task Processing,Usage And Adoption Patterns,1,
Unified Unified Calendar View,Calendar And Scheduling,1,
Unlimited Prompt Persistence,Prompting And Instruction Quality,1,
Usage Frequency,Access And Adoption,1,
User Interface Complaint,Usage And Adoption Patterns,1,
User Validated Product Recommendations,Shopping And Recommendations,1,
VIP Contact Prioritization,Task Organization And Prioritization,1,
Vague Requirements Caused Failure,Prompting And Instruction Quality,1,
Verbal Comfort Gap,Tool Reliability And Limitations,1,
Verification Need For AI Output,Accuracy And Hallucination Risk,2,
Verification Through Attribution Check,Accuracy And Hallucination Risk,1,
Verified Information Requirement,Usage And Adoption Patterns,2,
Verified Product Recommendations,Shopping And Recommendations,1,
Video Recording Discomfort,Usage And Adoption Patterns,1,
Visual Authenticity Design,Human Connection And Rapport,1,
Visual Content Creation,Creative Design And Media,1,
Visual Cooking Assistance,Recipes And Cooking Support,1,
Visual Cue Deficit,Creative Design And Media,1,
Visual Feedback Desire,Creative Design And Media,1,
Visual Technique Limitation,Creative Design And Media,1,
Voice AI Interface Anxiety,Voice Interaction Experience,1,
Voice AI Interview Feeling,Voice Interaction Experience,1,
Voice And Visual Feedback Value,Voice Interaction Experience,1,
Voice Dictation Importance,Voice Interaction Experience,1,
Voice Formality And Structure,Voice Interaction Experience,1,
Voice Input Preference,Voice Interaction Experience,1,
Voice Interaction Ambivalence,Voice Interaction Experience,1,
Voice Interaction Gap,Voice Interaction Experience,1,
Voice Interaction Preference,Voice Interaction Experience,1,
Voice Interaction Skepticism,Voice Interaction Experience,1,
Voice Interface Preference,Voice Interaction Experience,1,
Voice Interruption Frustration,Voice Interaction Experience,1,
Voice Over Text Preference,Voice Interaction Experience,1,
Voice Plus Text Format Preference,Voice Interaction Experience,1,
Voice Recording Novelty,Voice Interaction Experience,1,
Voice Response Expectation,Voice Interaction Experience,1,
Voice Transcription Preference,Voice Interaction Experience,1,
Weak AI Interview Version,AI Interview Experience,1,
Wellness Professional AI,Health And Wellness Support,1,
WhisperFlow Tool Satisfaction,Voice Interaction Experience,1,
Work Life Balance Priority,Usage And Adoption Patterns,1,
Workflow Efficiency Vision,Time And Productivity,1,
Writing Assistance,Content And Writing Support,1,
Writing Enhancement,Content And Writing Support,1,
Writing Struggle,Content And Writing Support,1,
Writing Style Preservation,Content And Writing Support,1,
Written Communication Comfort,Social And Relationship Communication,1,
Written Format Preference,Usage And Adoption Patterns,2,
Wrong Yarn Substitute,Accuracy And Hallucination Risk,1,
Yarn Quantity Miscalculation,Home And DIY Support,1,
Yarn Substitute Inaccuracy,Accuracy And Hallucination Risk,1,
